Log-ratio,p-value,minFDR,Gene Symbol,Gene,Measure,Description
5.67671752,0.000749652,0.038366415,LTP4,AT5G59310,AT5G59310,Non-specific lipid-transfer protein 4 [Source:UniProtKB/Swiss-Prot;Acc:Q9LLR6]
5.345881462,0.009360671,0.097179633,,AT3G02480,AT3G02480,Late embryogenesis abundant protein (LEA) family protein
4.283392906,0.000212675,0.027686798,LTP3,AT5G59320,AT5G59320,Non-specific lipid-transfer protein 3 [Source:UniProtKB/Swiss-Prot;Acc:Q9LLR7]
4.174635321,0.000215307,0.02769653,,AT1G52690,AT1G52690,Late embryogenesis abundant protein (LEA) family protein [Arabidopsis thaliana (thale cress)]
3.68008548,0.008365346,0.092648258,LTI65,AT5G52300,AT5G52300,Low-temperature-induced 65 kDa protein [Source:UniProtKB/Swiss-Prot;Acc:Q04980]
3.588294506,0.001090602,0.042218343,RAB18,AT5G66400,AT5G66400,Dehydrin Rab18 [Source:UniProtKB/Swiss-Prot;Acc:P30185]
3.383720875,0.002326306,0.05327801,,AT2G37870,AT2G37870,Bifunctional inhibitor/lipid-transfer protein/seed storage 2S albumin superfamily protein
3.240448773,0.009569896,0.097911471,HSFA6A,AT5G43840,AT5G43840,Heat stress transcription factor A-6a [Source:UniProtKB/Swiss-Prot;Acc:Q1PDN3]
2.993083149,0.003593005,0.064486517,TSPO,AT2G47770,AT2G47770,Translocator protein homolog [Source:UniProtKB/Swiss-Prot;Acc:O82245]
2.985570967,0.004116307,0.06747058,LEA4-5,AT5G06760,AT5G06760,Late Embryogenesis Abundant 4-5 [Source:TAIR;Acc:AT5G06760]
2.916258663,0.005370141,0.075283632,,AT1G64110,AT1G64110,P-loop containing nucleoside triphosphate hydrolases superfamily protein
2.847315788,0.000346082,0.030270839,KIN1,AT5G15960,AT5G15960,Stress-induced protein KIN1 [Source:UniProtKB/Swiss-Prot;Acc:P18612]
2.69011879,0.000742619,0.038366415,,AT4G33550,AT4G33550,Bifunctional inhibitor/lipid-transfer protein/seed storage 2S albumin superfamily protein
2.645235553,0.005463623,0.075955074,,AT3G17520,AT3G17520,Late embryogenesis abundant protein (LEA) family
2.566132069,0.000558942,0.034255056,XTH22,AT5G57560,AT5G57560,Xyloglucan endotransglucosylase/hydrolase protein 22 [Source:UniProtKB/Swiss-Prot;Acc:Q38857]
2.532874346,0.002005341,0.050293343,,AT4G01985,AT4G01985,hypothetical protein
2.529065371,0.003312144,0.061998087,,AT3G03341,AT3G03341,cold-regulated protein
2.468389571,0.015147688,0.123686942,SWEET15,AT5G13170,AT5G13170,Bidirectional sugar transporter SWEET15 [Source:UniProtKB/Swiss-Prot;Acc:Q9FY94]
2.452261925,0.00060985,0.035371738,,AT3G53980,AT3G53980,Bifunctional inhibitor/lipid-transfer protein/seed storage 2S albumin superfamily protein
2.420669317,0.003480916,0.063361139,,AT4G16563,AT4G16563,Eukaryotic aspartyl protease family protein
2.217196465,0.000474385,0.033420557,XERO2,AT3G50970,AT3G50970,Dehydrin Xero 2 [Source:UniProtKB/Swiss-Prot;Acc:P42758]
2.164739609,0.008746109,0.094614359,,AT5G15500,AT5G15500,Ankyrin repeat family protein
2.149516344,0.000261059,0.029275776,ACS11,AT4G08040,AT4G08040,1-aminocyclopropane-1-carboxylate synthase 11 [Source:UniProtKB/Swiss-Prot;Acc:Q9S9U6]
2.103546143,0.002907683,0.058899609,,AT3G56275,AT3G56275,pseudogene of expressed protein
1.988949299,0.00036194,0.030270839,MED37C,AT3G12580,AT3G12580,Probable mediator of RNA polymerase II transcription subunit 37c [Source:UniProtKB/Swiss-Prot;Acc:Q9LHA8]
1.980696917,0.000417763,0.031495721,,AT1G16850,AT1G16850,transmembrane protein
1.967370749,0.004897058,0.072109875,,AT2G41190,AT2G41190,Transmembrane amino acid transporter family protein
1.961780548,0.034511526,0.196116574,XTH25,AT5G57550,AT5G57550,Probable xyloglucan endotransglucosylase/hydrolase protein 25 [Source:UniProtKB/Swiss-Prot;Acc:Q38907]
1.887063026,0.000770104,0.03864787,ATDI21,AT4G15910,AT4G15910,drought-induced 21 [Source:TAIR;Acc:AT4G15910]
1.8841362,2.33401E-05,0.015864459,EXLB1,AT4G17030,AT4G17030,Expansin-like B1 [Source:UniProtKB/Swiss-Prot;Acc:O23547]
1.85703063,0.003899443,0.066377597,AGP7,AT5G65390,AT5G65390,Classical arabinogalactan protein 7 [Source:UniProtKB/Swiss-Prot;Acc:Q8LG54]
1.814821005,0.048073494,0.235094928,,AT4G08570,AT4G08570,Heavy metal transport/detoxification superfamily protein
1.808628082,0.000217548,0.02769653,EGY3,AT1G17870,AT1G17870,"Probable zinc metallopeptidase EGY3, chloroplastic [Source:UniProtKB/Swiss-Prot;Acc:Q9LMU1]"
1.799630404,0.029279771,0.177656556,,AT5G03210,AT5G03210,Encodes a small polypeptide contributing to resistance to potyvirus.
1.788531542,0.004334809,0.068732659,,AT1G62510,AT1G62510,Expressed in the root cortex.
1.773435116,0.00430697,0.068515141,PATL2,AT1G22530,AT1G22530,Patellin-2 [Source:UniProtKB/Swiss-Prot;Acc:Q56ZI2]
1.757161856,0.011356626,0.106332356,HAI1,AT5G59220,AT5G59220,Probable protein phosphatase 2C 78 [Source:UniProtKB/Swiss-Prot;Acc:Q9FIF5]
1.754078388,0.024387235,0.16049723,,AT1G09500,AT1G09500,similar to Eucalyptus gunnii alcohol dehydrogenase of unknown physiological function 
1.701463938,0.002430935,0.05454953,,AT1G48750,AT1G48750,Bifunctional inhibitor/lipid-transfer protein/seed storage 2S albumin superfamily protein
1.676214457,0.000649894,0.036581761,NAC090,AT5G22380,AT5G22380,NAC domain-containing protein 90 [Source:UniProtKB/Swiss-Prot;Acc:Q9FMR3]
1.633411288,0.000184781,0.026952805,,AT5G53710,AT5G53710,hypothetical protein
1.567455769,0.008570479,0.093729595,GASA1,AT1G75750,AT1G75750,Gibberellin-regulated protein 1 [Source:UniProtKB/Swiss-Prot;Acc:P46689]
1.566738605,0.000387198,0.031177165,EXO,AT4G08950,AT4G08950,Protein EXORDIUM [Source:UniProtKB/Swiss-Prot;Acc:Q9ZPE7]
1.563227177,0.003351181,0.062247152,HIS1-3,AT2G18050,AT2G18050,histone H1-3 [Source:TAIR;Acc:AT2G18050]
1.558173895,0.001947351,0.04947934,,AT1G05340,AT1G05340,cysteine-rich TM module stress tolerance protein
1.557536721,0.016019945,0.127436768,,AT5G45430,AT5G45430,Derives_from AT5G45430
1.550565124,0.034609814,0.196395017,,AT2G21820,AT2G21820,seed maturation protein
1.54566443,0.000488253,0.033543683,AtcwINV5,AT3G13784,AT3G13784,cell wall invertase 5 [Source:TAIR;Acc:AT3G13784]
1.54416728,0.009683705,0.098120167,,AT4G12580,AT4G12580,hypothetical protein
1.538402796,0.001315362,0.044571676,,AT1G12672,AT1G12672,thionin-like protein
1.506272793,0.003702066,0.064860116,LTI78,AT5G52310,AT5G52310,Low-temperature-induced 78 kDa protein [Source:UniProtKB/Swiss-Prot;Acc:Q06738]
1.505211771,6.15002E-06,0.015764397,DVL3,AT1G67265,AT1G67265,ROTUNDIFOLIA like 21 [Source:TAIR;Acc:AT1G67265]
1.494521141,0.000249452,0.028963348,ARL,AT2G44080,AT2G44080,ARGOS-like protein [Source:UniProtKB/Swiss-Prot;Acc:Q8RXL7]
1.493569016,0.028540681,0.174956053,ELIP1,AT3G22840,AT3G22840,"Early light-induced protein 1, chloroplastic [Source:UniProtKB/Swiss-Prot;Acc:P93735]"
1.463909864,0.022312969,0.152670205,AIP1,AT1G07430,AT1G07430,Protein phosphatase 2C 3 [Source:UniProtKB/Swiss-Prot;Acc:Q9LNW3]
1.448994875,0.005306865,0.074964243,EXLA1,AT3G45970,AT3G45970,Expansin-like A1 [Source:UniProtKB/Swiss-Prot;Acc:Q9LZT4]
1.430240124,0.019862137,0.14248999,RPS2B,AT1G58684,AT1G58684,40S ribosomal protein S2-2 [Source:UniProtKB/Swiss-Prot;Acc:Q93VB8]
1.430240124,0.019862137,0.14248999,RPS2B,AT1G58983,AT1G58983,40S ribosomal protein S2-2 [Source:UniProtKB/Swiss-Prot;Acc:Q93VB8]
1.42789042,0.001044436,0.041644231,,AT3G28160,AT3G28160,transposable_element_gene
1.421489954,0.002548763,0.05577697,MIOX1,AT1G14520,AT1G14520,Inositol oxygenase 1 [Source:UniProtKB/Swiss-Prot;Acc:Q8L799]
1.345772028,8.4739E-05,0.021306013,,AT1G58225,AT1G58225,hypothetical protein
1.345263124,0.001593596,0.047054058,,AT5G52390,AT5G52390,PAR1 protein
1.321675062,0.002722716,0.057423462,,AT5G22460,AT5G22460,alpha/beta-Hydrolases superfamily protein
1.310277462,0.012273101,0.110593984,,AT1G54575,AT1G54575,hypothetical protein
1.304764748,0.010295551,0.101645714,,AT3G14280,AT3G14280,LL-diaminopimelate aminotransferase
1.281175137,0.001939884,0.049421066,,AT2G15780,AT2G15780,Cupredoxin superfamily protein
1.270279646,0.006190242,0.080640124,APL4,AT2G21590,AT2G21590,"Probable glucose-1-phosphate adenylyltransferase large subunit, chloroplastic [Source:UniProtKB/Swiss-Prot;Acc:Q9SIK1]"
1.269183159,0.000209586,0.027686798,FKBP65,AT5G48570,AT5G48570,Peptidyl-prolyl cis-trans isomerase FKBP65 [Source:UniProtKB/Swiss-Prot;Acc:Q9FJL3]
1.265288353,0.010766254,0.103989529,,AT5G01740,AT5G01740,"Unknown gene, induced by abiotic stress treatments."
1.262727261,0.001115697,0.042643673,PIF6,AT3G62090,AT3G62090,Transcription factor PIF6 [Source:UniProtKB/Swiss-Prot;Acc:Q8L5W7]
1.260378048,0.000483342,0.033543683,GASA3,AT4G09600,AT4G09600,Gibberellin-regulated protein 3 [Source:UniProtKB/Swiss-Prot;Acc:P46687]
1.249391198,0.05454158,0.253379211,SAG12,AT5G45890,AT5G45890,Senescence-specific cysteine protease SAG12 [Source:UniProtKB/Swiss-Prot;Acc:Q9FJ47]
1.242789984,0.001385897,0.045099851,ENODL1,AT5G53870,AT5G53870,early nodulin-like protein 1 [Source:TAIR;Acc:AT5G53870]
1.239538193,0.002564081,0.055802176,EXL5,AT2G17230,AT2G17230,Protein EXORDIUM-like 5 [Source:UniProtKB/Swiss-Prot;Acc:Q9SII5]
1.234680891,0.000617536,0.035642582,,AT2G38465,AT2G38465,hypothetical protein
1.229170859,0.005147862,0.073799862,,AT1G30190,AT1G30190,cotton fiber protein
1.222061872,1.67306E-05,0.015864459,,AT5G12110,AT5G12110,elongation factor 1-beta 1
1.220993996,0.009676504,0.098120167,LRX3,AT4G13340,AT4G13340,Leucine-rich repeat extensin-like protein 3 [Source:UniProtKB/Swiss-Prot;Acc:Q9T0K5]
1.216164112,0.004437939,0.069263818,,AT5G03120,AT5G03120,transmembrane protein
1.210711479,0.030128293,0.180894611,,AT3G28270,AT3G28270,AFL1
1.210292578,0.001064461,0.041967952,CBP60F,AT4G31000,AT4G31000,Calmodulin-binding protein 60 F [Source:UniProtKB/Swiss-Prot;Acc:F4JR57]
1.205520153,0.00035687,0.030270839,APA2,AT1G62290,AT1G62290,Aspartic proteinase A2 [Source:UniProtKB/Swiss-Prot;Acc:Q8VYL3]
1.19892025,0.001521339,0.046255088,ANN1,AT1G35720,AT1G35720,Annexin D1 [Source:UniProtKB/Swiss-Prot;Acc:Q9SYT0]
1.183785439,0.000228111,0.027885852,,AT5G37540,AT5G37540,Eukaryotic aspartyl protease family protein
1.183781266,0.000660263,0.036854172,,AT3G48020,AT3G48020,hypothetical protein
1.17992717,0.02772014,0.171854553,ERF014,AT1G44830,AT1G44830,Ethylene-responsive transcription factor ERF014 [Source:UniProtKB/Swiss-Prot;Acc:Q9LPE8]
1.177411437,0.033484972,0.192548703,NPF7.2,AT4G21680,AT4G21680,Protein NRT1/ PTR FAMILY 7.2 [Source:UniProtKB/Swiss-Prot;Acc:Q8GXN2]
1.176382959,0.018323705,0.13625008,,AT2G43580,AT2G43580,Chitinase family protein
1.172026396,0.014461529,0.120548346,SOB5,AT5G08150,AT5G08150,suppressor of phytochrome b 5 [Source:TAIR;Acc:AT5G08150]
1.171753168,0.002451443,0.05482512,CRK6,AT4G23140,AT4G23140,CDPK-related kinase 6 [Source:UniProtKB/Swiss-Prot;Acc:Q9SG12]
1.16740799,0.024225059,0.159915144,ATHB-7,AT2G46680,AT2G46680,Homeobox-leucine zipper protein ATHB-7 [Source:UniProtKB/Swiss-Prot;Acc:P46897]
1.166131616,0.00079987,0.039065605,XTH33,AT1G10550,AT1G10550,Probable xyloglucan endotransglucosylase/hydrolase protein 33 [Source:UniProtKB/Swiss-Prot;Acc:Q8LC45]
1.16541481,0.013026123,0.11422829,GOLS2,AT1G56600,AT1G56600,Galactinol synthase 2 [Source:UniProtKB/Swiss-Prot;Acc:Q9FXB2]
1.158756733,7.34876E-05,0.020490416,,AT2G26355,AT2G26355,Natural antisense transcript overlaps with AT2G26360. The RNA is cell-to-cell mobile.
1.157836556,0.011785514,0.10819955,MIR863A,AT4G13494,AT4G13494,MIR863a; miRNA [Source:TAIR;Acc:AT4G13494]
1.154814124,0.032759459,0.190016127,PUB19,AT1G60190,AT1G60190,U-box domain-containing protein 19 [Source:UniProtKB/Swiss-Prot;Acc:O80742]
1.152734756,0.026265762,0.167096981,SRG1,AT1G17020,AT1G17020,Protein SRG1 [Source:UniProtKB/Swiss-Prot;Acc:Q39224]
1.150094271,0.013630641,0.116629015,AFP1,AT1G69260,AT1G69260,Ninja-family protein AFP1 [Source:UniProtKB/Swiss-Prot;Acc:Q9LQ98]
1.149339914,0.019350778,0.140424028,,AT5G40800,AT5G40800,DIL3
1.14323169,0.03787188,0.205343465,,AT5G45630,AT5G45630,senescence regulator 
1.140194893,0.013231679,0.114912491,,AT3G19680,AT3G19680,hypothetical protein (DUF1005)
1.137290001,0.035910359,0.200006833,FLP2,AT5G10625,AT5G10625,Flowering-promoting factor 1-like protein 2 [Source:UniProtKB/Swiss-Prot;Acc:Q9LXB5]
1.13434124,0.000162197,0.026605905,SUGTL4,AT1G08890,AT1G08890,Sugar transporter ERD6-like 1 [Source:UniProtKB/Swiss-Prot;Acc:Q9SCW7]
1.133865595,0.002818212,0.058162236,TET15,AT5G57810,AT5G57810,Tetraspanin-15 [Source:UniProtKB/Swiss-Prot;Acc:Q1PDI1]
1.128011227,0.00033047,0.029992156,BXL5,AT3G19620,AT3G19620,Probable beta-D-xylosidase 5 [Source:UniProtKB/Swiss-Prot;Acc:Q9LJN4]
1.122358799,0.000493068,0.033543683,LEA14,AT1G01470,AT1G01470,Probable desiccation-related protein LEA14 [Source:UniProtKB/Swiss-Prot;Acc:O03983]
1.119961262,0.002321423,0.053251964,AtRLP23,AT2G32680,AT2G32680,receptor like protein 23 [Source:TAIR;Acc:AT2G32680]
1.117977023,0.056773663,0.259018176,,AT1G50040,AT1G50040,"formin-like protein, putative"
1.110621214,0.031859429,0.187042241,ETC3,AT4G01060,AT4G01060,MYB-like transcription factor ETC3 [Source:UniProtKB/Swiss-Prot;Acc:Q9M157]
1.103611946,0.008574447,0.093742221,,AT1G80130,AT1G80130,Tetratricopeptide repeat (TPR)-like superfamily protein;
1.096231461,3.89736E-05,0.016381359,PAP1,AT4G04020,AT4G04020,"Probable plastid-lipid-associated protein 1, chloroplastic [Source:UniProtKB/Swiss-Prot;Acc:O81439]"
1.094705582,0.007628573,0.088542994,,AT2G29300,AT2G29300,NAD(P)-binding Rossmann-fold superfamily protein
1.088739395,0.008397234,0.09277885,,AT5G17460,AT5G17460,glutamyl-tRNA (Gln) amidotransferase subunit C
1.087401532,0.00085107,0.039552356,,AT5G05220,AT5G05220,hypothetical protein
1.081133962,0.057891249,0.262463957,IDL3,AT5G09805,AT5G09805,Protein IDA-LIKE 3 [Source:UniProtKB/Swiss-Prot;Acc:Q6DUW7]
1.078428388,0.004725138,0.070703081,JAL19,AT1G73040,AT1G73040,Jacalin-related lectin 19 [Source:UniProtKB/Swiss-Prot;Acc:Q9SSM3]
1.07659471,0.040616587,0.213177908,SHN3,AT5G25390,AT5G25390,Ethylene-responsive transcription factor SHINE 3 [Source:UniProtKB/Swiss-Prot;Acc:Q3E958]
1.074071407,0.000112026,0.023478299,,AT5G66052,AT5G66052,transmembrane protein
1.070805788,0.008854484,0.095118623,,AT1G58420,AT1G58420,Uncharacterized conserved protein UCP031279
1.06981194,0.000993632,0.041080405,,AT4G19400,AT4G19400,Profilin family protein
1.065315247,0.000160952,0.026605905,,AT2G12400,AT2G12400,plasma membrane fusion protein
1.064662695,0.003693063,0.064838752,,AT2G28400,AT2G28400,"senescence regulator (Protein of unknown function, DUF584)"
1.057424307,0.004711385,0.07063315,EXL1,AT1G35140,AT1G35140,Protein EXORDIUM-like 1 [Source:UniProtKB/Swiss-Prot;Acc:Q9C6E4]
1.055224419,0.053608636,0.250934199,,AT1G76960,AT1G76960,"Unknown protein, contains WRKY40 binding motifs."
1.047097564,0.013859282,0.117784459,ERF012,AT1G21910,AT1G21910,Ethylene-responsive transcription factor ERF012 [Source:UniProtKB/Swiss-Prot;Acc:Q9SFE4]
1.045953572,4.20017E-05,0.016381359,,AT1G72240,AT1G72240,hypothetical protein
1.045910329,0.034286096,0.195135026,,AT5G40790,AT5G40790,DIL2
1.044354677,0.004113807,0.067462792,,AT4G24275,AT4G24275,Identified as a screen for stress-responsive genes.
1.036524892,0.049893081,0.23970403,PRXIIC,AT1G65970,AT1G65970,Peroxiredoxin-2C [Source:UniProtKB/Swiss-Prot;Acc:Q9SRZ4]
1.035093904,0.024313677,0.160214487,,AT1G02470,AT1G02470,Polyketide cyclase/dehydrase and lipid transport superfamily protein
1.033292383,0.000213504,0.027686798,NADP-ME1,AT2G19900,AT2G19900,NADP-dependent malic enzyme 1 [Source:UniProtKB/Swiss-Prot;Acc:O82191]
1.033210158,0.00011111,0.023478299,HSA32,AT4G21320,AT4G21320,Aldolase-type TIM barrel family protein [Source:TAIR;Acc:AT4G21320]
1.031673491,0.004192398,0.067850066,SCPL33,AT3G17180,AT3G17180,Serine carboxypeptidase-like 33 [Source:UniProtKB/Swiss-Prot;Acc:Q9LSM9]
1.03026247,0.018549741,0.137119125,PAE2,AT1G57590,AT1G57590,Pectin acetylesterase 2 [Source:UniProtKB/Swiss-Prot;Acc:F4I839]
1.02999115,0.005255156,0.074518108,,AT2G14878,AT2G14878,other_RNA
1.029139519,0.000307356,0.029860093,SUS3,AT4G02280,AT4G02280,Sucrose synthase 3 [Source:UniProtKB/Swiss-Prot;Acc:Q9M111]
1.023741126,0.004802062,0.071182875,CIPK25,AT5G25110,AT5G25110,CBL-interacting serine/threonine-protein kinase 25 [Source:UniProtKB/Swiss-Prot;Acc:Q8W1D5]
1.022185326,0.001186448,0.043590489,HO3,AT1G69720,AT1G69720,"Heme oxygenase 3, chloroplastic [Source:UniProtKB/Swiss-Prot;Acc:Q9C9L4]"
1.016421512,0.020238722,0.143921237,,AT5G66780,AT5G66780,late embryogenesis abundant protein
1.015792847,0.001996457,0.050171892,PP2CA,AT3G11410,AT3G11410,Protein phosphatase 2C 37 [Source:UniProtKB/Swiss-Prot;Acc:P49598]
1.013438344,0.013942134,0.118187164,,AT1G54890,AT1G54890,Late embryogenesis abundant (LEA) protein-like protein
1.01331377,0.000296573,0.029642281,,AT2G47780,AT2G47780,LDAP2
1.011851311,0.001918545,0.049244343,AGP15,AT5G11740,AT5G11740,Arabinogalactan peptide 15 [Source:UniProtKB/Swiss-Prot;Acc:Q9LYF6]
1.010275126,0.002611066,0.056279782,,AT1G67920,AT1G67920,hypothetical protein
1.007310152,0.031467957,0.185857271,AOX3,AT1G32350,AT1G32350,"Ubiquinol oxidase 3, mitochondrial [Source:UniProtKB/Swiss-Prot;Acc:Q8LEE7]"
1.007101536,0.005329683,0.075030188,,AT1G11210,AT1G11210,"cotton fiber protein, putative (DUF761)"
1.006817818,0.012526217,0.111906465,AGP17,AT2G23130,AT2G23130,Lysine-rich arabinogalactan protein 17 [Source:UniProtKB/Swiss-Prot;Acc:O22194]
1.004700184,0.013909917,0.118064233,,AT3G13672,AT3G13672,"SINA2, SINAT6"
1.003711343,0.069876136,0.294308917,BFT,AT5G62040,AT5G62040,Protein BROTHER of FT and TFL 1 [Source:UniProtKB/Swiss-Prot;Acc:Q9FIT4]
0.999541521,0.065248821,0.282264891,NUDT24,AT5G19470,AT5G19470,"Nudix hydrolase 24, chloroplastic [Source:UniProtKB/Swiss-Prot;Acc:P0C026]"
0.999391556,0.003311865,0.061998087,TET10,AT1G63260,AT1G63260,Tetraspanin-10 [Source:UniProtKB/Swiss-Prot;Acc:F4I214]
0.99673605,0.002445326,0.054731639,BEE3,AT1G73830,AT1G73830,Transcription factor BEE 3 [Source:UniProtKB/Swiss-Prot;Acc:Q8GWK7]
0.992755413,0.003803272,0.065463033,THE1,AT5G54380,AT5G54380,Receptor-like protein kinase THESEUS 1 [Source:UniProtKB/Swiss-Prot;Acc:Q9LK35]
0.991672516,1.48354E-05,0.015864459,CER1,AT1G02205,AT1G02205,Protein ECERIFERUM 1 [Source:UniProtKB/Swiss-Prot;Acc:F4HVY0]
0.99080801,0.004755092,0.07096011,,AT5G39520,AT5G39520,"CHLOROPLAST-LOCALIZED SENESCENCE-ASSOCIATED PROTEIN, CSAP"
0.989854336,0.000885588,0.03984746,,AT3G24927,AT3G24927,pseudogene of expressed protein
0.988683224,0.001518193,0.0462016,,AT4G19390,AT4G19390,Uncharacterized protein family (UPF0114)
0.985626578,0.006061354,0.079885702,HSFA2,AT2G26150,AT2G26150,Heat stress transcription factor A-2 [Source:UniProtKB/Swiss-Prot;Acc:O80982]
0.984707355,0.000966355,0.040628581,SIS,AT5G02020,AT5G02020,"Encodes a protein involved in salt tolerance, names SIS (Salt Induced Serine rich). [Source:TAIR;Acc:AT5G02020]"
0.984356374,0.019947957,0.142768577,WSD1,AT5G37300,AT5G37300,O-acyltransferase WSD1 [Source:UniProtKB/Swiss-Prot;Acc:Q93ZR6]
0.979820251,0.00169689,0.04785834,GATL6,AT4G02130,AT4G02130,Probable galacturonosyltransferase-like 6 [Source:UniProtKB/Swiss-Prot;Acc:O04253]
0.976330817,0.002507843,0.055417011,,AT3G22560,AT3G22560,Acyl-CoA N-acyltransferases (NAT) superfamily protein
0.974098206,0.002511587,0.055462965,PTI13,AT3G59350,AT3G59350,PTI1-like tyrosine-protein kinase 3 [Source:UniProtKB/Swiss-Prot;Acc:B9DFG5]
0.96923244,0.068531136,0.291514523,CSLG2,AT4G24000,AT4G24000,Cellulose synthase-like protein G2 [Source:UniProtKB/Swiss-Prot;Acc:Q8VYR4]
0.966810584,0.02752926,0.171380948,,AT1G43910,AT1G43910,P-loop containing nucleoside triphosphate hydrolases superfamily protein
0.965124607,0.018602864,0.137268212,ATL55,AT5G10380,AT5G10380,E3 ubiquitin-protein ligase RING1 [Source:UniProtKB/Swiss-Prot;Acc:Q9LX93]
0.962629318,4.58582E-06,0.015764397,NAC029,AT1G69490,AT1G69490,NAC transcription factor 29 [Source:UniProtKB/Swiss-Prot;Acc:O49255]
0.961824894,0.022484204,0.153313102,,AT3G17110,AT3G17110,Probably not a pseudogene based on evidence for transcription (RNA-seq) and translation (Ribo-seq) described in PMID:27791167
0.961449862,0.032154558,0.187914122,PAR1,AT2G42870,AT2G42870,Transcription factor PAR1 [Source:UniProtKB/Swiss-Prot;Acc:Q9SJH0]
0.961340666,0.009531864,0.097911471,,AT5G57760,AT5G57760,hypothetical protein
0.960559607,0.070013907,0.294728831,,AT5G52740,AT5G52740,Copper transport protein family
0.960232496,0.001210557,0.04384442,,AT1G22882,AT1G22882,"ATSUN3, STMP1, SUN-DOMAIN PROTEIN 3, SUN3"
0.959292144,0.012486437,0.111640873,,AT5G50360,AT5G50360,": ABA-INDUCED TRANSCRIPTION REPRESSOR 5, AITR5, DIG2, DYNAMIC INFLUENCER OF GENE EXPRESSION "
0.957734585,0.004158544,0.067663659,XTH16,AT3G23730,AT3G23730,Probable xyloglucan endotransglucosylase/hydrolase protein 16 [Source:UniProtKB/Swiss-Prot;Acc:Q8LG58]
0.95583725,0.000565748,0.034402225,ALDH7B4,AT1G54100,AT1G54100,Aldehyde dehydrogenase family 7 member B4 [Source:UniProtKB/Swiss-Prot;Acc:Q9SYG7]
0.955038309,0.008484996,0.093278694,ADH1,AT1G77120,AT1G77120,Alcohol dehydrogenase class-P [Source:UniProtKB/Swiss-Prot;Acc:P06525]
0.953126907,0.013709642,0.116990113,BT4,AT5G67480,AT5G67480,BTB/POZ and TAZ domain-containing protein 4 [Source:UniProtKB/Swiss-Prot;Acc:Q9FJX5]
0.951888323,0.013692345,0.116872446,,AT5G25240,AT5G25240,stress induced protein
0.950101852,0.002910083,0.058899609,AtRLP33,AT3G05660,AT3G05660,receptor like protein 33 [Source:TAIR;Acc:AT3G05660]
0.946418047,0.011293091,0.10627319,MGL,AT1G64660,AT1G64660,Methionine gamma-lyase [Source:UniProtKB/Swiss-Prot;Acc:Q9SGU9]
0.945128918,0.00395134,0.066567487,FER1,AT5G01600,AT5G01600,"Ferritin-1, chloroplastic [Source:UniProtKB/Swiss-Prot;Acc:Q39101]"
0.941787958,0.001011553,0.041370662,SLAH3,AT5G24030,AT5G24030,S-type anion channel SLAH3 [Source:UniProtKB/Swiss-Prot;Acc:Q9FLV9]
0.941483498,0.020180891,0.143733665,,AT2G16660,AT2G16660,Major facilitator superfamily protein
0.941478014,0.0022717,0.05267909,,AT1G02380,AT1G02380,transmembrane protein
0.940501213,0.011028618,0.105001893,AGP12,AT3G13520,AT3G13520,Arabinogalactan peptide 12 [Source:UniProtKB/Swiss-Prot;Acc:Q9LJD9]
0.940320969,0.035531344,0.199093826,AHP4,AT3G16360,AT3G16360,Histidine-containing phosphotransfer protein 4 [Source:UniProtKB/Swiss-Prot;Acc:Q9LU15]
0.940080643,0.013428106,0.115773551,,AT4G13800,AT4G13800,magnesium transporter NIPA (DUF803)
0.939587593,0.006563699,0.082755488,LTP2,AT2G38530,AT2G38530,Non-specific lipid-transfer protein 2 [Source:UniProtKB/Swiss-Prot;Acc:Q9S7I3]
0.934619397,0.035592898,0.199252754,,AT4G33905,AT4G33905,Peroxisomal membrane 22 kDa (Mpv17/PMP22) family protein
0.930347919,0.007300099,0.0866895,,AT5G05365,AT5G05365,ATHMP44
0.929451942,0.013528681,0.11624969,COR15A,AT2G42540,AT2G42540,"Protein COLD-REGULATED 15A, chloroplastic [Source:UniProtKB/Swiss-Prot;Acc:Q42512]"
0.929009914,0.022990683,0.155000083,FLA9,AT1G03870,AT1G03870,Fasciclin-like arabinogalactan protein 9 [Source:UniProtKB/Swiss-Prot;Acc:Q9ZWA8]
0.928889751,0.012118945,0.109739025,AtMYB70,AT2G23290,AT2G23290,myb domain protein 70 [Source:TAIR;Acc:AT2G23290]
0.928441525,0.000297108,0.029642281,RAP2-13,AT1G22190,AT1G22190,Ethylene-responsive transcription factor RAP2-13 [Source:UniProtKB/Swiss-Prot;Acc:Q9LM15]
0.928174973,0.026826128,0.169295189,SMT3,AT1G76090,AT1G76090,24-methylenesterol C-methyltransferase 3 [Source:UniProtKB/Swiss-Prot;Acc:Q94JS4]
0.926578045,0.010489118,0.10262151,AT4,AT5G03545,AT5G03545,Probable long-chain-alcohol O-fatty-acyltransferase 4 [Source:UniProtKB/Swiss-Prot;Acc:Q9FJ75]
0.923748493,0.006960701,0.084954066,GRXS9,AT2G30540,AT2G30540,Monothiol glutaredoxin-S9 [Source:UniProtKB/Swiss-Prot;Acc:O04341]
0.920180321,0.00014066,0.026331133,,AT5G23750,AT5G23750,Remorin family protein
0.91933167,0.037595702,0.204773062,,AT5G53815,AT5G53815,"	
Other names:
transposable_element_gene;copia-like retrotransposon family"
0.918659687,0.001762087,0.048147583,SUS1,AT5G20830,AT5G20830,Sucrose synthase 1 [Source:UniProtKB/Swiss-Prot;Acc:P49040]
0.917950869,0.027651443,0.171723844,,AT2G35070,AT2G35070,transmembrane protein
0.916426539,0.009838745,0.099170149,DMP1,AT3G21520,AT3G21520,DUF679 domain membrane protein 1 [Source:TAIR;Acc:AT3G21520]
0.914961576,0.000756475,0.038368368,FMOGS-OX4,AT1G62570,AT1G62570,Flavin-containing monooxygenase FMO GS-OX4 [Source:UniProtKB/Swiss-Prot;Acc:Q93Y23]
0.912393928,0.013372772,0.11556558,PDF1.1,AT1G75830,AT1G75830,Defensin-like protein 13 [Source:UniProtKB/Swiss-Prot;Acc:P30224]
0.912352562,0.009161558,0.096519311,ERD10,AT1G20450,AT1G20450,Dehydrin ERD10 [Source:UniProtKB/Swiss-Prot;Acc:P42759]
0.912266254,0.015996668,0.127342803,,AT2G19810,AT2G19810,"ATOZF1, ATTZF2, OXIDATION-RELATED ZINC FINGER 1, OZF1, TANDEM ZINC FINGER 2, TZF2"
0.912263632,0.005849244,0.078373279,,AT4G28085,AT4G28085,transmembrane protein
0.91138792,0.000294229,0.029599718,,AT2G20560,AT2G20560,"DNAJ, DNAJ PROTEIN"
0.910168171,0.006321902,0.081337738,GATL9,AT1G70090,AT1G70090,Probable galacturonosyltransferase-like 9 [Source:UniProtKB/Swiss-Prot;Acc:O04536]
0.908224434,0.063601879,0.277627116,,AT3G53250,AT3G53250,SAUR-like auxin-responsive protein family
0.905912817,0.023011843,0.155014531,AtS40-3,AT4G18980,AT4G18980,AtS40-3 [Source:TAIR;Acc:AT4G18980]
0.905373335,0.001422691,0.045565228,,AT1G17430,AT1G17430,alpha/beta-Hydrolases superfamily protein
0.905319571,0.004492621,0.069373318,,AT5G54165,AT5G54165,Avr9/Cf-9 rapidly elicited protein
0.903701663,0.00884178,0.095110874,AtMYB74,AT4G05100,AT4G05100,myb domain protein 74 [Source:TAIR;Acc:AT4G05100]
0.902008653,0.014438356,0.120443469,,AT3G13277,AT3G13277,other_RNA
0.90174073,0.003343789,0.06214449,ICMEL2,AT3G02410,AT3G02410,Probable isoprenylcysteine alpha-carbonyl methylesterase ICMEL2 [Source:UniProtKB/Swiss-Prot;Acc:Q1PET6]
0.90000236,0.004510656,0.069513846,JMJD5,AT3G20810,AT3G20810,Putative lysine-specific demethylase JMJD5 [Source:UniProtKB/Swiss-Prot;Acc:Q8RWR1]
0.899634123,0.000394287,0.031249789,,AT1G26208,AT1G26208,Natural antisense transcript
0.89932096,0.00023742,0.028333828,TIN1,AT5G64510,AT5G64510,unknown protein; FUNCTIONS IN: molecular_function unknown; INVOLVED IN: biological_process unknown; LOCATED IN: endomembrane system; EXPRESSED IN: 17 plant structures; EXPRESSED DURING: 10 growth stages; Has 35333 Blast hits to 34131 proteins in 244 /.../ies: Archae - 798; Bacteria - 22429; Metazoa - 974; Fungi - 991; Plants - 531; Viruses - 0; Other Eukaryotes - 9610 (source: NCBI BLink). [Source:TAIR;Acc:AT5G64510]
0.894846439,1.57407E-05,0.015864459,CID2,AT4G14270,AT4G14270,Polyadenylate-binding protein-interacting protein 2 [Source:UniProtKB/Swiss-Prot;Acc:Q94AR4]
0.891957283,0.0027475,0.057621862,,AT2G31010,AT2G31010,Protein kinase superfamily protein
0.88973856,0.012611376,0.112215994,,AT2G30930,AT2G30930,hypothetical protein
0.889047623,0.001375447,0.044981186,,AT5G66080,AT5G66080,"FGT2, FORGETTER2"
0.888606071,0.000580621,0.034690304,SPMS,AT5G53120,AT5G53120,Spermine synthase [Source:UniProtKB/Swiss-Prot;Acc:Q94BN2]
0.888009787,0.045967465,0.229444855,CRK45,AT4G11890,AT4G11890,Cysteine-rich receptor-like protein kinase 45 [Source:UniProtKB/Swiss-Prot;Acc:Q8GY82]
0.887741804,0.00397439,0.066585527,LKR/SDH,AT4G33150,AT4G33150,lysine-ketoglutarate reductase/saccharopine dehydrogenase bifunctional enzyme [Source:TAIR;Acc:AT4G33150]
0.885278821,0.030589165,0.182478116,SAL2,AT5G64000,AT5G64000,SAL2 phosphatase [Source:UniProtKB/Swiss-Prot;Acc:O49623]
0.881820202,0.00633831,0.081454492,GASA14,AT5G14920,AT5G14920,Gibberellin-regulated protein 14 [Source:UniProtKB/Swiss-Prot;Acc:Q9LFR3]
0.877193332,0.002022229,0.050468875,HIPP22,AT1G22990,AT1G22990,Heavy metal transport/detoxification superfamily protein [Source:TAIR;Acc:AT1G22990]
0.876455545,0.000973747,0.040815322,,AT4G23880,AT4G23880,hypothetical protein
0.876228914,0.023742957,0.157911059,,AT1G16950,AT1G16950,transmembrane protein
0.875597,0.001030706,0.041505272,SPL5,AT3G15270,AT3G15270,Squamosa promoter-binding-like protein 5 [Source:UniProtKB/Swiss-Prot;Acc:Q9S758]
0.874532223,0.035097007,0.197991803,ABCG40,AT1G15520,AT1G15520,ABC transporter G family member 40 [Source:UniProtKB/Swiss-Prot;Acc:Q9M9E1]
0.874175549,0.001809432,0.048294064,SAG21,AT4G02380,AT4G02380,senescence-associated gene 21 [Source:TAIR;Acc:AT4G02380]
0.873712063,0.001032619,0.041507802,MYB73,AT4G37260,AT4G37260,myb domain protein 73 [Source:TAIR;Acc:AT4G37260]
0.872912645,0.022916463,0.154808794,AtRLP41,AT3G25010,AT3G25010,receptor like protein 41 [Source:TAIR;Acc:AT3G25010]
0.872196674,0.0014401,0.045657582,NAC072,AT4G27410,AT4G27410,NAC domain-containing protein 72 [Source:UniProtKB/Swiss-Prot;Acc:Q93VY3]
0.868551433,0.008750741,0.094614359,TPPI,AT5G10100,AT5G10100,Probable trehalose-phosphate phosphatase I [Source:UniProtKB/Swiss-Prot;Acc:F4KFG5]
0.868330002,0.010125808,0.100686327,,AT5G01520,AT5G01520,"ABA INSENSITIVE RING PROTEIN 2, AIRP2, ATAIRP2"
0.862989187,0.014698248,0.121626453,MPT2,AT3G48850,AT3G48850,"Mitochondrial phosphate carrier protein 2, mitochondrial [Source:UniProtKB/Swiss-Prot;Acc:Q9M2Z8]"
0.860009134,0.016526397,0.129168017,HIPP27,AT5G66110,AT5G66110,Heavy metal transport/detoxification superfamily protein [Source:TAIR;Acc:AT5G66110]
0.859216452,0.001628628,0.047380582,ERS2,AT1G04310,AT1G04310,Ethylene response sensor 2 [Source:UniProtKB/Swiss-Prot;Acc:P93825]
0.856137037,0.002368358,0.053801508,ICME,AT5G15860,AT5G15860,Isoprenylcysteine alpha-carbonyl methylesterase ICME [Source:UniProtKB/Swiss-Prot;Acc:Q94AS5]
0.855466127,0.000791739,0.038935964,,AT1G29270,AT1G29270,transcription factor bHLH35-like protein
0.855005264,0.014975382,0.122912475,,AT1G67365,AT1G67365,Natural antisense transcript overlaps with AT1G67370
0.853873014,0.005136407,0.073799862,FAR1,AT5G22500,AT5G22500,Protein FAR-RED IMPAIRED RESPONSE 1 [Source:UniProtKB/Swiss-Prot;Acc:Q9SWG3]
0.852699757,0.008280994,0.092321033,,AT5G13200,AT5G13200,Encodes a protein with unknown function that is involved in hormone mediated regulation of seed germination/dormancy.
0.852505684,0.000358661,0.030270839,ABI2,AT5G57050,AT5G57050,Protein phosphatase 2C 77 [Source:UniProtKB/Swiss-Prot;Acc:O04719]
0.852010727,3.07301E-05,0.016000307,CDC48D,AT3G53230,AT3G53230,Cell division control protein 48 homolog D [Source:UniProtKB/Swiss-Prot;Acc:Q9SCN8]
0.851888418,0.00468792,0.070510297,GASA7,AT2G14900,AT2G14900,Gibberellin-regulated protein 7 [Source:UniProtKB/Swiss-Prot;Acc:O82328]
0.846564174,0.04115067,0.214661948,NFYA10,AT5G06510,AT5G06510,Nuclear transcription factor Y subunit A-10 [Source:UniProtKB/Swiss-Prot;Acc:Q8LFU0]
0.845010519,0.021326658,0.148395957,,AT1G15790,AT1G15790,mediator of RNA polymerase II transcription subunit 15a-like protein
0.841606855,0.001016542,0.041370662,,AT5G44260,AT5G44260,"ATTZF5, TANDEM CCCH ZINC FINGER PROTEIN 5, TZF5"
0.840553999,0.002830776,0.058264322,,AT4G40065,AT4G40065,other_RNA
0.839642525,0.000839086,0.039460521,,AT5G04080,AT5G04080,"ATHCYSTM12, CYSTEINE-RICH TRANSMEMBRANE MODULE 12"
0.837447166,0.041163456,0.214661948,,AT1G72430,AT1G72430,"SAUR78, SMALL AUXIN UPREGULATED RNA 78"
0.837095261,0.009210327,0.096735638,XTH24,AT4G30270,AT4G30270,Xyloglucan endotransglucosylase/hydrolase protein 24 [Source:UniProtKB/Swiss-Prot;Acc:P24806]
0.832609177,0.000775726,0.038813094,ATSOFL1,AT1G26210,AT1G26210,SOB five-like 1 [Source:TAIR;Acc:AT1G26210]
0.830967426,0.005508965,0.076300293,PER3,AT1G05260,AT1G05260,Peroxidase 3 [Source:UniProtKB/Swiss-Prot;Acc:O23044]
0.828182459,0.000754721,0.038368368,,AT5G57790,AT5G57790,hypothetical protein
0.825428486,0.013138124,0.114625755,,AT4G38560,AT4G38560,phospholipase-like protein (PEARLI 4) family protein
0.822775126,0.006254302,0.080905321,MYB55,AT4G01680,AT4G01680,myb domain protein 55 [Source:TAIR;Acc:AT4G01680]
0.822340131,0.021777199,0.150338013,FAR3,AT4G33790,AT4G33790,Fatty acyl-CoA reductase 3 [Source:UniProtKB/Swiss-Prot;Acc:Q93ZB9]
0.82125473,0.006105622,0.080101428,COR413IM1,AT1G29395,AT1G29395,"Cold-regulated 413 inner membrane protein 1, chloroplastic [Source:UniProtKB/Swiss-Prot;Acc:Q94AL8]"
0.821146965,0.00758824,0.088458109,MT2A,AT3G09390,AT3G09390,Metallothionein-like protein 2A [Source:UniProtKB/Swiss-Prot;Acc:P25860]
0.819368839,0.003146905,0.060558025,COR47,AT1G20440,AT1G20440,Dehydrin COR47 [Source:UniProtKB/Swiss-Prot;Acc:P31168]
0.819337845,0.011297378,0.10627319,CML11,AT3G22930,AT3G22930,Calmodulin-like protein 11 [Source:UniProtKB/Swiss-Prot;Acc:Q9LIK5]
0.818778574,0.044509718,0.224688162,ERF013,AT1G77640,AT1G77640,Ethylene-responsive transcription factor ERF013 [Source:UniProtKB/Swiss-Prot;Acc:Q9CAP4]
0.816644669,0.00121284,0.04384442,MBF1C,AT3G24500,AT3G24500,Multiprotein-bridging factor 1c [Source:UniProtKB/Swiss-Prot;Acc:Q9LV58]
0.814164162,0.01109156,0.105390377,LPXC4,AT1G25054,AT1G25054,Probable UDP-3-O-[3-hydroxymyristoyl] N-acetylglucosamine deacetylase 5 [Source:UniProtKB/Swiss-Prot;Acc:F4IAW1]
0.813252449,0.003432985,0.0628557,PAP17,AT3G17790,AT3G17790,Purple acid phosphatase 17 [Source:UniProtKB/Swiss-Prot;Acc:Q9SCX8]
0.803164482,0.010359817,0.101867357,,AT1G13990,AT1G13990,plant/protein
0.801047802,0.001611747,0.047195297,RS31A,AT2G46610,AT2G46610,Serine/arginine-rich splicing factor RS31A [Source:UniProtKB/Swiss-Prot;Acc:Q9ZPX8]
0.80017066,0.002261108,0.052602387,MAN1,AT1G02310,AT1G02310,"Mannan endo-1,4-beta-mannosidase 1 [Source:UniProtKB/Swiss-Prot;Acc:Q9FZ29]"
0.799041748,0.050393372,0.241480923,,AT5G15190,AT5G15190,hypothetical protein
0.796529174,0.000177191,0.026605905,,AT3G49330,AT3G49330,Plant invertase/pectin methylesterase inhibitor superfamily protein
0.794345737,0.00484612,0.071595517,,AT1G53100,AT1G53100,"Core-2/I-branching beta-1,6-N-acetylglucosaminyltransferase family protein"
0.793964267,9.06869E-05,0.02190498,ENODL18,AT1G08500,AT1G08500,early nodulin-like protein 18 [Source:TAIR;Acc:AT1G08500]
0.792841911,0.009346632,0.097141524,,AT4G28040,AT4G28040,"UMAMIT33, USUALLY MULTIPLE ACIDS MOVE IN AND OUT TRANSPORTERS 33"
0.792406559,0.000156408,0.026605905,,AT4G21650,AT4G21650,"SBT3.13, SUBTILASE 3.13"
0.79218924,0.071157896,0.29777654,MED37B,AT1G09080,AT1G09080,Probable mediator of RNA polymerase II transcription subunit 37b [Source:UniProtKB/Swiss-Prot;Acc:Q8H1B3]
0.7917099,0.001450138,0.045750621,GDPDL3,AT4G26690,AT4G26690,Glycerophosphodiester phosphodiesterase GDPDL3 [Source:UniProtKB/Swiss-Prot;Acc:Q9SZ11]
0.791513085,0.025511294,0.164865391,,AT1G16515,AT1G16515,transmembrane protein
0.790707111,7.18136E-05,0.020490416,,AT5G21020,AT5G21020,transmembrane protein
0.787687302,0.001358168,0.044926719,,AT3G20300,AT3G20300,extracellular ligand-gated ion channel protein (DUF3537)
0.787590444,0.005440164,0.075755364,,AT2G01008,AT2G01008,maternal effect embryo arrest protein
0.787200928,0.006347798,0.08151356,,AT1G27200,AT1G27200,glycosyltransferase family protein (DUF23)
0.786175251,0.001577187,0.046878412,,AT2G33590,AT2G33590,"ATCRL1, CCR(CINNAMOYL COA:NADP OXIDOREDUCTASE)-LIKE 1, CRL1"
0.782651901,0.036755365,0.202613569,AGP21,AT1G55330,AT1G55330,Arabinogalactan peptide 21 [Source:UniProtKB/Swiss-Prot;Acc:Q9C8A4]
0.780731201,0.009451753,0.09757149,,AT3G05900,AT3G05900,neurofilament protein-like protein
0.778791666,0.000326913,0.029992156,,AT1G50630,AT1G50630,extracellular ligand-gated ion channel protein (DUF3537)
0.778660059,0.002073175,0.050797367,,AT5G13210,AT5G13210,"Uncharacterized conserved protein UCP015417, vWA"
0.776091814,0.000686438,0.037498626,LUP1,AT1G78970,AT1G78970,Lupeol synthase 1 [Source:UniProtKB/Swiss-Prot;Acc:Q9C5M3]
0.77585125,0.000205518,0.027686798,AAP1,AT1G58360,AT1G58360,Amino acid permease 1 [Source:UniProtKB/Swiss-Prot;Acc:Q42400]
0.775731921,0.019160841,0.139754985,ARGOS,AT3G59900,AT3G59900,Protein AUXIN-REGULATED GENE INVOLVED IN ORGAN SIZE [Source:UniProtKB/Swiss-Prot;Acc:Q6NMD6]
0.775589466,0.00748717,0.088067411,CML35,AT2G41410,AT2G41410,Probable calcium-binding protein CML35 [Source:UniProtKB/Swiss-Prot;Acc:P30188]
0.775465012,0.004061109,0.067127154,,AT1G61100,AT1G61100,disease resistance protein (TIR class)
0.775109053,0.006162038,0.080461442,,AT5G22860,AT5G22860,Serine carboxypeptidase S28 family protein
0.774399519,0.017112754,0.131488443,SWEET4,AT3G28007,AT3G28007,Bidirectional sugar transporter SWEET4 [Source:UniProtKB/Swiss-Prot;Acc:Q944M5]
0.77277422,0.003093051,0.059980198,ABCG22,AT5G06530,AT5G06530,ABC transporter G family member 22 [Source:UniProtKB/Swiss-Prot;Acc:Q93YS4]
0.772402406,0.025673429,0.165348992,ETR2,AT3G23150,AT3G23150,Ethylene receptor 2 [Source:UniProtKB/Swiss-Prot;Acc:Q0WPQ2]
0.771934032,0.001979454,0.049894509,,AT5G25440,AT5G25440," SUPPRESSOR OF ZED1-D1, SZE1"
0.771902084,0.028765948,0.175658362,,AT1G67360,AT1G67360," LD-ASSOCIATED PROTEIN 1, LDAP1, SMALL RUBBER PARTICLE PROTEIN, SRP1"
0.771845579,0.022934688,0.154808794,AAC2,AT5G13490,AT5G13490,"ADP,ATP carrier protein 2, mitochondrial [Source:UniProtKB/Swiss-Prot;Acc:P40941]"
0.771389961,0.020131994,0.143499132,XTH15,AT4G14130,AT4G14130,Xyloglucan endotransglucosylase/hydrolase protein 15 [Source:UniProtKB/Swiss-Prot;Acc:Q38911]
0.770608425,1.24991E-05,0.015864459,,AT5G57565,AT5G57565,Protein kinase superfamily protein
0.770045757,0.003571354,0.064328769,NCED3,AT3G14440,AT3G14440,"9-cis-epoxycarotenoid dioxygenase NCED3, chloroplastic [Source:UniProtKB/Swiss-Prot;Acc:Q9LRR7]"
0.767916203,0.015750045,0.126314978,APL3,AT4G39210,AT4G39210,"Glucose-1-phosphate adenylyltransferase large subunit 3, chloroplastic [Source:UniProtKB/Swiss-Prot;Acc:P55231]"
0.765036091,0.007493782,0.088083001,,AT5G24080,AT5G24080,Protein kinase superfamily protein
0.763153315,0.002534789,0.05577697,NFYA5,AT1G54160,AT1G54160,Nuclear transcription factor Y subunit A-5 [Source:UniProtKB/Swiss-Prot;Acc:Q9SYH4]
0.762762547,0.00289154,0.058717121,GATA8,AT3G54810,AT3G54810,GATA transcription factor 8 [Source:UniProtKB/Swiss-Prot;Acc:Q9SV30]
0.762046754,0.026229652,0.167059031,,AT3G58150,AT3G58150,Optic atrophy 3 protein (OPA3)
0.76039505,0.005220439,0.074202874,FAH1,AT2G34770,AT2G34770,Fatty acid 2-hydroxylase 1 [Source:UniProtKB/Swiss-Prot;Acc:O48916]
0.757484436,0.038846238,0.208114662,BGLU11,AT1G02850,AT1G02850,Beta-glucosidase 11 [Source:UniProtKB/Swiss-Prot;Acc:B3H5Q1]
0.755677462,0.003585385,0.064442169,PIMT2,AT5G50240,AT5G50240,Protein-L-isoaspartate O-methyltransferase 2 [Source:UniProtKB/Swiss-Prot;Acc:Q64J17]
0.755385637,0.000121978,0.024486036,iqd33,AT5G35670,AT5G35670,IQ-domain 33 [Source:TAIR;Acc:AT5G35670]
0.755295277,0.000945063,0.040628581,,AT1G54740,AT1G54740,FANTASTIC four-like protein (DUF3049)
0.754632831,0.000302618,0.029746773,,AT1G23050,AT1G23050,hydroxyproline-rich glycoprotein family protein
0.754632831,0.000302618,0.029746773,,AT1G23052,AT1G23052,other_RNA
0.75265491,0.016881899,0.130322731,,AT4G23493,AT4G23493,hypothetical protein
0.749885321,0.000785555,0.038935964,,AT5G45310,AT5G45310,coiled-coil protein
0.749041319,0.026485712,0.167981991,,AT1G07985,AT1G07985,Expressed protein
0.747182369,0.005014746,0.073036,GATA22,AT4G26150,AT4G26150,Putative GATA transcription factor 22 [Source:UniProtKB/Swiss-Prot;Acc:Q9SZI6]
0.747172356,0.004448207,0.069265229,anac036,AT2G17040,AT2G17040,NAC domain containing protein 36 [Source:TAIR;Acc:AT2G17040]
0.746478319,0.009584295,0.097998611,,AT1G29640,AT1G29640,"senescence regulator (Protein of unknown function, DUF584)"
0.746112823,0.002744255,0.057621862,,AT2G23120,AT2G23120,"Late embryogenesis abundant protein, group 6"
0.745499611,0.003870346,0.066047261,,AT1G54570,AT1G54570,"PES1, PHYTYL ESTER SYNTHASE 1"
0.743653774,0.001594401,0.047054058,PSBP2,AT2G30790,AT2G30790,Putative oxygen-evolving enhancer protein 2-2 [Source:UniProtKB/Swiss-Prot;Acc:O49344]
0.742968947,0.004739257,0.070787215,,AT4G37220,AT4G37220,Cold acclimation protein WCOR413 family
0.742738724,0.001517993,0.0462016,,AT1G66180,AT1G66180,The gene encodes a putative aspartyl protease (ASP). Its expression is induced in response to light and ascorbate. The mRNA is cell-to-cell mobile.
0.741280913,0.01188572,0.108639982,,AT5G16360,AT5G16360,NC domain-containing protein-like protein
0.741253853,0.040184737,0.212083789,ERF023,AT1G01250,AT1G01250,Ethylene-responsive transcription factor ERF023 [Source:UniProtKB/Swiss-Prot;Acc:Q1ECI2]
0.740904093,0.003607704,0.064513816,,AT1G55760,AT1G55760,"SIBP1, STRESS-INDUCED BTB PROTEIN1"
0.740903854,0.000863649,0.039634714,,AT4G23870,AT4G23870,hypothetical protein
0.739965916,0.000610799,0.035371738,,AT3G59820,AT3G59820,LETM1-like protein
0.736975431,0.015449723,0.125019696,DREB2A,AT5G05410,AT5G05410,Dehydration-responsive element-binding protein 2A [Source:UniProtKB/Swiss-Prot;Acc:O82132]
0.736250162,0.002680793,0.056945331,,AT1G59710,AT1G59710,actin cross-linking protein (DUF569)
0.735797882,0.00277167,0.057711615,,AT4G35320,AT4G35320,hypothetical protein
0.735662699,0.015883271,0.126836209,,AT2G28120,AT2G28120," OTU1, OVARIAN TUMOR DOMAIN (OTU)-CONTAINING DUB (DEUBIQUITILATING ENZYME) 1"
0.735658824,0.002856322,0.058429234,HSP26.5,AT1G52560,AT1G52560,"26.5 kDa heat shock protein, mitochondrial [Source:UniProtKB/Swiss-Prot;Acc:Q9SSQ8]"
0.734030724,0.001017839,0.041370662,,AT5G42825,AT5G42825,hypothetical protein
0.733821869,0.002347068,0.053606133,SAUR71,AT1G56150,AT1G56150,Auxin-responsive protein SAUR71 [Source:UniProtKB/Swiss-Prot;Acc:Q9SGU2]
0.733377576,0.059373115,0.266505404,,AT3G50610,AT3G50610,"C-TERMINALLY ENCODED PEPTIDE 9, CEP9"
0.729885578,0.00014236,0.026331133,LCAT3,AT3G03310,AT3G03310,Phospholipase A(1) LCAT3 [Source:UniProtKB/Swiss-Prot;Acc:Q93V61]
0.727049589,0.000803979,0.039065605,,AT3G47510,AT3G47510,transmembrane protein
0.727021337,0.000396791,0.031249789,,AT5G13205,AT5G13205,"transposable_element_gene;copia-like retrotransposon family, has a 8.1e-252 P-value blast match to gb|AAO73529.1| gag-pol polyprotein (Glycine max) (SIRE1) (Ty1_Copia-family);(source:TAIR10)"
0.726621866,0.008508999,0.093382507,,AT4G32790,AT4G32790,Exostosin family protein
0.725306749,0.00926363,0.096847892,,AT5G19340,AT5G19340,hypothetical protein
0.724676132,0.001588887,0.04702175,,AT1G07040,AT1G07040,plant/protein
0.72413224,0.002376174,0.05390036,TIM17-1,AT1G20350,AT1G20350,Mitochondrial import inner membrane translocase subunit TIM17-1 [Source:UniProtKB/Swiss-Prot;Acc:Q9LN27]
0.72399354,0.000658302,0.036806396,UGT85A5,AT1G22370,AT1G22370,UDP-glycosyltransferase 85A5 [Source:UniProtKB/Swiss-Prot;Acc:Q9LMF0]
0.723258018,0.021867904,0.15071441,ULT1,AT4G28190,AT4G28190,Protein ULTRAPETALA 1 [Source:UniProtKB/Swiss-Prot;Acc:Q8GZA8]
0.722052932,0.012598963,0.112200247,HSP23.5,AT5G51440,AT5G51440,"23.5 kDa heat shock protein, mitochondrial [Source:UniProtKB/Swiss-Prot;Acc:Q9FGM9]"
0.721524954,0.011736691,0.108039159,CYP707A1,AT4G19230,AT4G19230,Abscisic acid 8'-hydroxylase 1 [Source:UniProtKB/Swiss-Prot;Acc:Q949P1]
0.72029376,0.035872097,0.19995697,,AT3G61280,AT3G61280,O-glucosyltransferase rumi-like protein (DUF821)
0.719524503,0.005891854,0.078710858,,AT4G33985,AT4G33985,"membrane insertase, putative (DUF1685)"
0.719303608,0.014505362,0.120711912,MTP9,AT1G79520,AT1G79520,Metal tolerance protein 9 [Source:UniProtKB/Swiss-Prot;Acc:Q9SAJ7]
0.717969179,0.003968774,0.066585527,AtRLP32,AT3G05650,AT3G05650,receptor like protein 32 [Source:TAIR;Acc:AT3G05650]
0.71711421,0.001668942,0.047737467,,AT4G13190,AT4G13190,"PBL24, PBS1-LIKE 24"
0.717086792,0.043819311,0.222584354,,AT1G72060,AT1G72060,serine-type endopeptidase inhibitor
0.716782451,0.02282254,0.154607743,NPF5.6,AT2G37900,AT2G37900,Protein NRT1/ PTR FAMILY 5.6 [Source:UniProtKB/Swiss-Prot;Acc:P0CI03]
0.715767384,0.001273731,0.044293338,,AT3G15780,AT3G15780,transmembrane protein
0.715695858,0.051017046,0.24326294,,AT2G05540,AT2G05540,Glycine-rich protein family
0.715191841,0.030817037,0.183410629,,AT4G20000,AT4G20000,VQ motif-containing protein
0.714492798,0.004221227,0.068050794,NPF1.1,AT3G16180,AT3G16180,Protein NRT1/ PTR FAMILY 1.1 [Source:UniProtKB/Swiss-Prot;Acc:Q8LPL2]
0.714270473,0.004204941,0.067920063,MYB112,AT1G48000,AT1G48000,myb domain protein 112 [Source:TAIR;Acc:AT1G48000]
0.713552475,0.000221085,0.02769653,SCPL49,AT3G10410,AT3G10410,Serine carboxypeptidase-like 49 [Source:UniProtKB/Swiss-Prot;Acc:P32826]
0.713238955,0.00027554,0.029278583,PIF3,AT1G09530,AT1G09530,Transcription factor PIF3 [Source:UniProtKB/Swiss-Prot;Acc:O80536]
0.713156343,0.009319132,0.09707453,,AT5G40570,AT5G40570,Surfeit locus protein 2 (SURF2)
0.712602854,0.004702299,0.070551419,MPK11,AT1G01560,AT1G01560,Mitogen-activated protein kinase 11 [Source:UniProtKB/Swiss-Prot;Acc:Q9LMM5]
0.711386681,0.020690263,0.14600529,,AT4G30460,AT4G30460,glycine-rich protein
0.710847855,0.028211479,0.173821949,,AT4G08991,AT4G08991,pseudogene of cytochrome C oxidase assembly protein
0.709836818,0.041698911,0.216269317,,AT4G10265,AT4G10265,"WIP3, WOUND-INDUCED POLYPEPTIDE 3"
0.709630251,0.003930308,0.066393932,,AT3G23170,AT3G23170,"HUP39, HYPOXIA RESPONSE UNKNOWN PROTEIN 39, PROLINE/SERINE-RICH PROTEIN, PRP"
0.709484577,0.001267705,0.044188021,PVA21,AT5G47180,AT5G47180,Vesicle-associated protein 2-1 [Source:UniProtKB/Swiss-Prot;Acc:Q9LVU1]
0.709419727,0.046971997,0.232129296,CPuORF13,AT4G25692,AT4G25692,conserved peptide upstream open reading frame 13 [Source:TAIR;Acc:AT4G25692]
0.709337234,0.022464448,0.153219777,,AT2G39050,AT2G39050," ARATHEULS3, EULS3, EUONYMUS LECTIN S3"
0.708217621,0.029496955,0.178649041,P5CSA,AT2G39800,AT2G39800,Delta-1-pyrroline-5-carboxylate synthase A [Source:UniProtKB/Swiss-Prot;Acc:P54887]
0.707627773,0.00301486,0.05946817,,AT3G11600,AT3G11600,GIR2
0.707232237,0.016980812,0.130832736,ATCOX19-1,AT1G66590,AT1G66590,cytochrome c oxidase 19-1 [Source:TAIR;Acc:AT1G66590]
0.706881225,0.000203318,0.027686798,STP12,AT4G21480,AT4G21480,sugar transporter protein 12 [Source:TAIR;Acc:AT4G21480]
0.70654583,0.014158844,0.119175673,,AT5G42050,AT5G42050,"ASPARAGINE-RICH PROTEIN, NRP"
0.706150055,0.000504882,0.03357317,CLPD,AT5G51070,AT5G51070,"Chaperone protein ClpD, chloroplastic [Source:UniProtKB/Swiss-Prot;Acc:P42762]"
0.705228806,0.009614334,0.098015923,,AT4G02482,AT4G02482,translocase of chloroplast-like protein
0.705120325,0.002136758,0.051410247,CYP705A19,AT3G20100,AT3G20100,"cytochrome P450, family 705, subfamily A, polypeptide 19 [Source:TAIR;Acc:AT3G20100]"
0.705018044,2.25323E-05,0.015864459,NAT5,AT5G49990,AT5G49990,Nucleobase-ascorbate transporter 5 [Source:UniProtKB/Swiss-Prot;Acc:Q8RWE9]
0.704679966,0.028237291,0.173821949,,AT2G06950,AT2G06950,"transposable_element_gene;copia-like retrotransposon family, has a 2.7e-243 P-value blast match to dbj|BAA78426.1| polyprotein (AtRE2-1) (Arabidopsis thaliana) (Ty1_Copia-element);(source:TAIR10)"
0.704404235,0.001441521,0.045657582,MIR824A,AT4G24415,AT4G24415,MIR824a; miRNA [Source:TAIR;Acc:AT4G24415]
0.704302073,0.008138249,0.091398791,SD17,AT1G65790,AT1G65790,Receptor-like serine/threonine-protein kinase SD1-7 [Source:UniProtKB/Swiss-Prot;Acc:Q39086]
0.704203367,0.014747579,0.121893536,XXT1,AT3G62720,AT3G62720,Xyloglucan 6-xylosyltransferase 1 [Source:UniProtKB/Swiss-Prot;Acc:Q9LZJ3]
0.703199387,0.002531346,0.05577697,,AT4G18280,AT4G18280,"GLYCINE RICH CELL WALL PROTEIN LIKE 1, GRPL1"
0.702359855,0.016242286,0.128233785,PLDP2,AT3G05630,AT3G05630,Phospholipase D p2 [Source:UniProtKB/Swiss-Prot;Acc:Q9M9W8]
0.701974392,0.000605352,0.035347505,PLC4,AT5G58700,AT5G58700,Phosphoinositide phospholipase C 4 [Source:UniProtKB/Swiss-Prot;Acc:Q944C1]
0.701680183,0.02788037,0.172623107,RFS2,AT3G57520,AT3G57520,Probable galactinol--sucrose galactosyltransferase 2 [Source:UniProtKB/Swiss-Prot;Acc:Q94A08]
0.700421333,0.000743569,0.038366415,EDS1B,AT3G48080,AT3G48080,Protein EDS1B [Source:UniProtKB/Swiss-Prot;Acc:Q9SU71]
0.700407505,0.015676111,0.125964567,,AT5G47590,AT5G47590,Heat shock protein HSP20/alpha crystallin family
0.699705958,0.000737601,0.038366415,ADF9,AT4G34970,AT4G34970,Actin-depolymerizing factor 9 [Source:UniProtKB/Swiss-Prot;Acc:O49606]
0.699357986,0.018221049,0.135902787,LYK5,AT2G33580,AT2G33580,Protein LYK5 [Source:UniProtKB/Swiss-Prot;Acc:O22808]
0.699227095,0.004651112,0.070289804,PP2A11,AT1G63090,AT1G63090,F-box protein PP2-A11 [Source:UniProtKB/Swiss-Prot;Acc:Q9CAN4]
0.698895931,0.003068567,0.059819436,,AT5G65400,AT5G65400,alpha/beta-Hydrolases superfamily protein
0.698745012,0.024254075,0.159979916,EXLA2,AT4G38400,AT4G38400,Expansin-like A2 [Source:UniProtKB/Swiss-Prot;Acc:Q9SVE5]
0.69761169,0.058737127,0.264632254,,AT4G13320,AT4G13320,hypothetical protein
0.697610617,0.000855015,0.039552356,GDPD1,AT3G02040,AT3G02040,"Glycerophosphodiester phosphodiesterase GDPD1, chloroplastic [Source:UniProtKB/Swiss-Prot;Acc:Q9SGA2]"
0.696383953,0.004013096,0.066730739,,AT5G57785,AT5G57785,hypothetical protein
0.696372032,0.004366261,0.068947556,CRK4,AT3G45860,AT3G45860,Cysteine-rich receptor-like protein kinase 4 [Source:UniProtKB/Swiss-Prot;Acc:Q9LZU4]
0.696353912,0.005647051,0.077366283,ADF5,AT2G16700,AT2G16700,Actin-depolymerizing factor 5 [Source:UniProtKB/Swiss-Prot;Acc:Q9ZNT3]
0.695914507,8.28342E-05,0.021306013,MSL6,AT1G78610,AT1G78610,Mechanosensitive ion channel protein 6 [Source:UniProtKB/Swiss-Prot;Acc:Q9SYM1]
0.695429802,0.005818814,0.078228062,COBL3,AT3G29810,AT3G29810,COBRA-like protein 2 [Source:UniProtKB/Swiss-Prot;Acc:Q8L8Q7]
0.695119381,0.018209821,0.135902787,NPF4.3,AT1G59740,AT1G59740,Protein NRT1/ PTR FAMILY 4.3 [Source:UniProtKB/Swiss-Prot;Acc:Q93VV5]
0.693301678,0.005375253,0.075305037,APRL6,AT4G08930,AT4G08930,5'-adenylylsulfate reductase-like 6 [Source:UniProtKB/Swiss-Prot;Acc:Q9ZPE9]
0.692559481,0.000381808,0.031031646,PSK2,AT2G22860,AT2G22860,Phytosulfokines 2 [Source:UniProtKB/Swiss-Prot;Acc:O81003]
0.691222668,0.014525776,0.120829367,,AT5G37550,AT5G37550,hypothetical protein
0.690848351,0.008503107,0.093382507,,AT2G48030,AT2G48030,DNAse I-like superfamily protein
0.690781116,0.004513295,0.069513846,SPL2,AT5G43270,AT5G43270,Squamosa promoter-binding-like protein 2 [Source:UniProtKB/Swiss-Prot;Acc:Q9S840]
0.690642834,0.005163446,0.073922072,,AT1G03760,AT1G03760,Prefoldin chaperone subunit family protein
0.689526081,0.006618904,0.08316807,,AT5G62210,AT5G62210,"Embryo-specific protein 3, (ATS3)"
0.689302444,0.000549983,0.034192329,HIR2,AT1G69840,AT1G69840,Hypersensitive-induced response protein 2 [Source:UniProtKB/Swiss-Prot;Acc:Q9CAR7]
0.689299107,0.001798741,0.048294064,,AT3G54400,AT3G54400,Eukaryotic aspartyl protease family protein
0.68925941,0.021063951,0.147313128,,AT3G29370,AT3G29370,Encodes a atypical member of the bHLH (basic helix-loop-helix) family transcriptional factors.
0.688990116,0.00370999,0.064896593,DYL1,AT1G28330,AT1G28330,dormancy-associated protein-like 1 [Source:TAIR;Acc:AT1G28330]
0.688808918,0.023712754,0.157829351,,AT2G16990,AT2G16990,hypothetical protein
0.688404799,0.012845788,0.113393433,,AT2G31730,AT2G31730,hypothetical protein
0.688285828,0.057882343,0.262459288,,AT1G24600,AT1G24600,hypothetical protein
0.684880018,0.008822166,0.095067909,,AT3G17460,AT3G17460,hypothetical protein
0.684864163,0.007149393,0.085975906,,AT4G28150,AT4G28150,hypothetical protein
0.682126522,5.50622E-05,0.018628506,APO1,AT1G64810,AT1G64810,"APO protein 1, chloroplastic [Source:UniProtKB/Swiss-Prot;Acc:Q9XIR4]"
0.680869102,0.002592794,0.05609361,,AT5G41960,AT5G41960,zinc finger matrin-type protein
0.68013835,0.053885608,0.251453595,HSFC1,AT3G24520,AT3G24520,Heat stress transcription factor C-1 [Source:UniProtKB/Swiss-Prot;Acc:Q9LV52]
0.678950787,0.020179339,0.143733665,,AT2G04495,AT2G04495,transmembrane protein
0.678410053,0.00454753,0.069736474,,AT4G01610,AT4G01610,ATCATHB3
0.67768085,0.033317231,0.191923705,PER47,AT4G33420,AT4G33420,Peroxidase 47 [Source:UniProtKB/Swiss-Prot;Acc:Q9SZB9]
0.677450657,0.006029093,0.079661956,SSL8,AT3G57010,AT3G57010,Protein STRICTOSIDINE SYNTHASE-LIKE 8 [Source:UniProtKB/Swiss-Prot;Acc:Q9M1J7]
0.676255107,0.004747316,0.070875813,SRP-54A,AT1G15310,AT1G15310,Signal recognition particle 54 kDa protein 1 [Source:UniProtKB/Swiss-Prot;Acc:P37106]
0.674344063,2.69054E-05,0.015864459,,AT3G48115,AT3G48115,other_RNA
0.673628569,0.00122433,0.04384442,CYP81D8,AT4G37370,AT4G37370,"cytochrome P450, family 81, subfamily D, polypeptide 8 [Source:TAIR;Acc:AT4G37370]"
0.673569679,0.008861023,0.095132971,,AT3G07460,AT3G07460,other_RNA
0.673261881,0.001360354,0.044926719,,AT5G67620,AT5G67620,PADRE protein up-regulated after infection by S. sclerotiorum.
0.672640204,0.020982129,0.147042583,GIS,AT3G58070,AT3G58070,Zinc finger protein GIS [Source:UniProtKB/Swiss-Prot;Acc:Q84WI0]
0.671434402,0.004032301,0.066816695,AGP22,AT5G53250,AT5G53250,Arabinogalactan peptide 22 [Source:UniProtKB/Swiss-Prot;Acc:Q9FK16]
0.670684874,0.039066876,0.208765755,SUC7,AT1G66570,AT1G66570,Sucrose transport protein SUC7 [Source:UniProtKB/Swiss-Prot;Acc:Q67YF8]
0.670663834,0.001276302,0.044302296,FLA13,AT5G44130,AT5G44130,Fasciclin-like arabinogalactan protein 13 [Source:UniProtKB/Swiss-Prot;Acc:Q9FFH6]
0.669929028,0.00567474,0.077490368,HSD3,AT3G47360,AT3G47360,11-beta-hydroxysteroid dehydrogenase-like 3 [Source:UniProtKB/Swiss-Prot;Acc:Q9STY7]
0.669508636,0.015837129,0.126708436,,AT3G49300,AT3G49300,proline-rich family protein
0.666797876,0.000830594,0.039442586,,AT5G26770,AT5G26770,NEAP2 
0.666487336,0.044348507,0.224082684,PRA1G2,AT5G56230,AT5G56230,PRA1 family protein G2 [Source:UniProtKB/Swiss-Prot;Acc:Q9FH16]
0.664718688,0.009869642,0.099305057,,AT3G27900,AT3G27900,hypothetical protein (DUF1184)
0.66441083,0.026154482,0.167059031,,AT4G18580,AT4G18580,hypothetical protein
0.663629532,0.001789625,0.048294064,CML5,AT2G43290,AT2G43290,Calmodulin-like protein 5 [Source:UniProtKB/Swiss-Prot;Acc:O22845]
0.662651658,0.065622557,0.283146148,,AT4G12735,AT4G12735,Encodes a peroxisomal protein.
0.662497282,0.001016026,0.041370662,SULTR3;4,AT3G15990,AT3G15990,Probable sulfate transporter 3.4 [Source:UniProtKB/Swiss-Prot;Acc:Q9LW86]
0.662483215,0.002414267,0.054248555,WRKY25,AT2G30250,AT2G30250,Probable WRKY transcription factor 25 [Source:UniProtKB/Swiss-Prot;Acc:O22921]
0.662243605,0.00062802,0.035833062,,AT3G21600,AT3G21600,Senescence/dehydration-associated protein-like protein
0.661921501,0.000501926,0.033543683,,AT3G11690,AT3G11690,hypothetical protein
0.661813736,0.001597247,0.047054058,KIN2,AT5G15970,AT5G15970,Stress-induced protein KIN2 [Source:UniProtKB/Swiss-Prot;Acc:P31169]
0.661597252,0.003655491,0.064694525,ARAC4,AT1G20090,AT1G20090,Rac-like GTP-binding protein ARAC4 [Source:UniProtKB/Swiss-Prot;Acc:Q38919]
0.661536217,0.002504697,0.055417011,,AT3G15350,AT3G15350,G14 enzyme
0.661509752,5.84268E-06,0.015764397,DAR6,AT5G66620,AT5G66620,Protein DA1-related 6 [Source:UniProtKB/Swiss-Prot;Acc:Q9FJX8]
0.660992645,3.94441E-05,0.016381359,PAP14,AT2G46880,AT2G46880,"Probable plastid-lipid-associated protein 14, chloroplastic [Source:UniProtKB/Swiss-Prot;Acc:Q9LV04]"
0.660095215,0.000882691,0.03984746,,AT5G23380,AT5G23380,hypothetical protein (DUF789)
0.659555912,0.015351961,0.124654463,,AT1G69252,AT1G69252,other_RNA
0.659300804,0.004561179,0.069785194,,AT1G36940,AT1G36940,myotubularin-like protein
0.65925169,0.003083852,0.059955184,,AT3G14430,AT3G14430,GRIP/coiled-coil protein
0.657805324,0.001222867,0.04384442,TAF14,AT2G18000,AT2G18000,Transcription initiation factor TFIID subunit 14 [Source:UniProtKB/Swiss-Prot;Acc:F4IPK2]
0.65647006,0.00215202,0.051554098,AMY1,AT4G25000,AT4G25000,Alpha-amylase 1 [Source:UniProtKB/Swiss-Prot;Acc:Q8VZ56]
0.656351089,0.010882838,0.104449543,,AT2G42040,AT2G42040,WRC protein
0.655428886,8.35344E-05,0.021306013,NUP85,AT4G32910,AT4G32910,Nuclear pore complex protein NUP85 [Source:UniProtKB/Swiss-Prot;Acc:Q8RXH2]
0.653569221,0.022079834,0.151641861,,AT1G68500,AT1G68500,hypothetical protein
0.65339613,0.000159271,0.026605905,CSY3,AT2G42790,AT2G42790,"Citrate synthase 3, peroxisomal [Source:UniProtKB/Swiss-Prot;Acc:Q9SJH7]"
0.652948618,0.048889324,0.236896749,ATL79,AT5G47610,AT5G47610,RING-H2 finger protein ATL79 [Source:UniProtKB/Swiss-Prot;Acc:Q9FGJ6]
0.652582884,0.070522714,0.296159847,,AT3G16565,AT3G16565,threonyl and alanyl tRNA synthetase second additional domain-containing protein
0.652021646,0.047034242,0.232333539,GBF3,AT2G46270,AT2G46270,G-box-binding factor 3 [Source:UniProtKB/Swiss-Prot;Acc:P42776]
0.651848793,0.003312338,0.061998087,,AT4G21570,AT4G21570,organic solute transporter ostalpha protein (DUF300)
0.651201963,0.001699019,0.04785834,,AT2G37540,AT2G37540,NAD(P)-binding Rossmann-fold superfamily protein
0.650465965,0.008793398,0.094890676,WRKY53,AT4G23810,AT4G23810,Probable WRKY transcription factor 53 [Source:UniProtKB/Swiss-Prot;Acc:Q9SUP6]
0.64961338,0.001608292,0.047177035,PSK6,AT3G44735,AT3G44735,Putative phytosulfokines 6 [Source:UniProtKB/Swiss-Prot;Acc:Q8LA14]
0.649338126,0.023056787,0.155169213,GATL10,AT3G28340,AT3G28340,Probable galacturonosyltransferase-like 10 [Source:UniProtKB/Swiss-Prot;Acc:Q9LHD2]
0.648113251,0.000279129,0.029278583,KCS3,AT1G07720,AT1G07720,3-ketoacyl-CoA synthase 3 [Source:UniProtKB/Swiss-Prot;Acc:Q9LQP8]
0.647844672,0.008903475,0.095407043,,AT4G00960,AT4G00960,Protein kinase superfamily protein
0.647319794,0.000825759,0.039391561,HSP18.5,AT2G19310,AT2G19310,18.5 kDa class IV heat shock protein [Source:UniProtKB/Swiss-Prot;Acc:O64564]
0.646999478,0.018233536,0.135902787,QRT2,AT3G07970,AT3G07970,Polygalacturonase QRT2 [Source:UniProtKB/Swiss-Prot;Acc:Q9SFB7]
0.646909475,0.017545436,0.133029937,,AT4G01335,AT4G01335,TATA box-binding protein associated factor RNA polymerase I subunit B-like protein
0.646339297,0.000148889,0.026390597,OCT4,AT3G20660,AT3G20660,Organic cation/carnitine transporter 4 [Source:UniProtKB/Swiss-Prot;Acc:Q9LHQ6]
0.645563602,0.016746369,0.129862879,,AT3G14360,AT3G14360,"ATOBL1, OBL1, OIL BODY LIPASE 1"
0.645327568,0.054213041,0.252345463,,AT4G02360,AT4G02360,"transmembrane protein, putative (Protein of unknown function, DUF538)"
0.645233154,0.000329795,0.029992156,,AT3G10020,AT3G10020,"HUP26, HYPOXIA RESPONSE UNKNOWN PROTEIN 26"
0.645189524,0.000210481,0.027686798,,AT4G26488,AT4G26488,Natural antisense transcript overlaps with AT4G26490
0.644400597,0.048207291,0.235371656,CIPK5,AT5G10930,AT5G10930,CBL-interacting serine/threonine-protein kinase 5 [Source:UniProtKB/Swiss-Prot;Acc:Q9LEU7]
0.644049168,0.003091284,0.059980198,RPS9C,AT5G39850,AT5G39850,40S ribosomal protein S9-2 [Source:UniProtKB/Swiss-Prot;Acc:Q9FLF0]
0.643475533,0.001695911,0.04785834,ELF5A-3,AT1G69410,AT1G69410,Eukaryotic translation initiation factor 5A-3 [Source:UniProtKB/Swiss-Prot;Acc:Q9C505]
0.642889977,0.013533765,0.11624969,PCAP1,AT4G20260,AT4G20260,Plasma membrane-associated cation-binding protein 1 [Source:UniProtKB/Swiss-Prot;Acc:Q96262]
0.642797679,0.001144295,0.043086265,MFT,AT1G18100,AT1G18100,Protein MOTHER of FT and TF 1 [Source:UniProtKB/Swiss-Prot;Acc:Q9XFK7]
0.642213821,0.009565074,0.097911471,CYP707A2,AT2G29090,AT2G29090,Abscisic acid 8'-hydroxylase 2 [Source:UniProtKB/Swiss-Prot;Acc:O81077]
0.641649961,0.003408252,0.062645371,,AT1G17940,AT1G17940,Endosomal targeting BRO1-like domain-containing protein
0.641217947,0.006098237,0.080036061,,AT5G05180,AT5G05180,"myosin heavy chain, striated protein"
0.639376163,0.031502857,0.186030427,,AT5G50335,AT5G50335,hypothetical protein
0.639303684,0.014498839,0.120711912,,AT2G22821,AT2G22821,Natural antisense transcript overlaps with AT2G22820. The RNA is cell-to-cell mobile.
0.638290524,0.000836225,0.039460521,,AT1G12570,AT1G12570,Ortholog of maize IPE1 gene which is involved in pollen exine development.
0.638183594,0.006684224,0.083499123,AtGUS2,AT5G07830,AT5G07830,Heparanase-like protein 1 [Source:UniProtKB/Swiss-Prot;Acc:Q9FF10]
0.638161182,0.035249689,0.198366641,,AT2G43720,AT2G43720,FAM136A-like protein (DUF842)
0.637869716,0.011374384,0.106408927,YDK1,AT4G37390,AT4G37390,Auxin-responsive GH3 family protein [Source:TAIR;Acc:AT4G37390]
0.637299836,0.007725953,0.089305554,,AT2G21510,AT2G21510,DNAJ heat shock N-terminal domain-containing protein
0.637179971,0.004377658,0.068947556,,AT1G13670,AT1G13670," BGL2, BIG GRAIN LIKE 2"
0.637149751,0.044850174,0.225843308,,AT4G01360,AT4G01360,"BPS3, BYPASS 3"
0.637082934,0.000176557,0.026605905,,AT1G27420,AT1G27420,Galactose oxidase/kelch repeat superfamily protein
0.636550426,0.048145527,0.235256347,,AT2G33830,AT2G33830,"ATDRM2, DAP2, DORMANCY ASSOCIATED GENE 2, DORMANCY/AUXIN ASSOCIATED FAMILY PROTEIN 2(, DRM2"
0.635958076,0.000114015,0.023745811,,AT2G23100,AT2G23100,Cysteine/Histidine-rich C1 domain family protein
0.635682583,0.006488651,0.082467526,CAX1,AT2G38170,AT2G38170,Vacuolar cation/proton exchanger 1 [Source:UniProtKB/Swiss-Prot;Acc:Q39253]
0.635425091,0.010007799,0.100129146,,AT1G60060,AT1G60060,Serine/threonine-protein kinase WNK (With No Lysine)-like protein
0.634232044,0.027993841,0.173068414,XTH4,AT2G06850,AT2G06850,Xyloglucan endotransglucosylase/hydrolase protein 4 [Source:UniProtKB/Swiss-Prot;Acc:Q39099]
0.633078098,0.001490988,0.045876441,CAM2,AT2G41110,AT2G41110,Calmodulin-5 [Source:UniProtKB/Swiss-Prot;Acc:Q682T9]
0.631804168,0.033666937,0.193199424,MLP168,AT1G35310,AT1G35310,MLP-like protein 168 [Source:UniProtKB/Swiss-Prot;Acc:Q9C7I3]
0.63169229,0.005191907,0.074079485,GLR1.4,AT3G07520,AT3G07520,Glutamate receptor 1.4 [Source:UniProtKB/Swiss-Prot;Acc:Q8LGN1]
0.630950928,0.01749629,0.132868934,,AT3G07470,AT3G07470,"transmembrane protein, putative (Protein of unknown function, DUF538)"
0.630445957,0.05103732,0.24326294,,AT4G33540,AT4G33540,metallo-beta-lactamase family protein
0.629623175,0.00361262,0.064513816,,AT1G25530,AT1G25530,Transmembrane amino acid transporter family protein
0.629379511,0.028988159,0.176551975,,AT5G49525,AT5G49525,transmembrane protein
0.628916025,0.047804121,0.234360148,,AT5G23350,AT5G23350,GRAM domain protein/ABA-responsive-like protein
0.628069878,0.004315824,0.068581883,APS4,AT5G43780,AT5G43780,"ATP sulfurylase 4, chloroplastic [Source:UniProtKB/Swiss-Prot;Acc:Q9S7D8]"
0.627415895,0.001115904,0.042643673,SPL16,AT1G76580,AT1G76580,Squamosa promoter-binding-like protein 16 [Source:UniProtKB/Swiss-Prot;Acc:Q700C2]
0.627233982,0.011907687,0.10875296,GLR2.7,AT2G29120,AT2G29120,Glutamate receptor 2.7 [Source:UniProtKB/Swiss-Prot;Acc:Q8LGN0]
0.625953674,0.002129984,0.051395702,PAP2,AT4G22240,AT4G22240,"Probable plastid-lipid-associated protein 2, chloroplastic [Source:UniProtKB/Swiss-Prot;Acc:O49629]"
0.625291348,0.022652494,0.15384459,LYK3,AT1G51940,AT1G51940,LysM domain receptor-like kinase 3 [Source:UniProtKB/Swiss-Prot;Acc:F4IB81]
0.625247002,0.041691808,0.216269317,,AT2G47440,AT2G47440,Tetratricopeptide repeat (TPR)-like superfamily protein
0.624931693,0.00831049,0.092490512,SPS2,AT5G11110,AT5G11110,"Solanesyl diphosphate synthase 2, chloroplastic [Source:UniProtKB/Swiss-Prot;Acc:Q76FS5]"
0.624311507,0.0143285,0.119936848,AtMYB45,AT3G48920,AT3G48920,myb domain protein 45 [Source:TAIR;Acc:AT3G48920]
0.623902798,0.00500768,0.0729969,,AT2G16530,AT2G16530,Encodes polyprenol reductase involved in N-gylcosylation. Mutants are defective in pollen development. Knockouts are embryo lethal
0.623869419,0.000278935,0.029278583,PRORP2,AT2G16650,AT2G16650,Proteinaceous RNase P 2 [Source:UniProtKB/Swiss-Prot;Acc:Q680B9]
0.623765469,0.037898156,0.205343465,AGD15,AT3G17660,AT3G17660,Probable ADP-ribosylation factor GTPase-activating protein AGD15 [Source:UniProtKB/Swiss-Prot;Acc:Q0WQQ1]
0.623327255,0.041050772,0.214409855,ATSOFL2,AT1G68870,AT1G68870,SOB five-like 2 [Source:TAIR;Acc:AT1G68870]
0.622871876,5.411E-05,0.018628506,,AT5G37590,AT5G37590,Tetratricopeptide repeat (TPR)-like superfamily protein
0.621156216,0.015227705,0.124168978,GXM3,AT1G33800,AT1G33800,Glucuronoxylan 4-O-methyltransferase 3 [Source:UniProtKB/Swiss-Prot;Acc:Q9LQ32]
0.620986938,0.001976639,0.049894509,SR45A,AT1G07350,AT1G07350,Serine/arginine-rich splicing factor SR45a [Source:UniProtKB/Swiss-Prot;Acc:Q84TH4]
0.620250821,0.05614748,0.257359348,PGM,AT2G17280,AT2G17280,phosphoglycerate/bisphosphoglycerate mutase [Source:TAIR;Acc:AT1G78050]
0.619320869,0.012167734,0.109941808,AHA11,AT5G62670,AT5G62670,"ATPase 11, plasma membrane-type [Source:UniProtKB/Swiss-Prot;Acc:Q9LV11]"
0.61915189,0.041598367,0.216099163,,AT1G70640,AT1G70640,octicosapeptide/Phox/Bem1p (PB1) domain-containing protein
0.618562698,0.019726974,0.141886874,,AT5G51670,AT5G51670,hypothetical protein (DUF668)
0.618421078,0.001376448,0.044981186,BBX22,AT1G78600,AT1G78600,B-box zinc finger protein 22 [Source:UniProtKB/Swiss-Prot;Acc:Q9SYM2]
0.617873192,0.010510573,0.102687658,RD22,AT5G25610,AT5G25610,Dehydration-responsive protein RD22 [Source:UniProtKB/Swiss-Prot;Acc:Q08298]
0.617691696,0.040691554,0.213403314,,AT4G25433,AT4G25433,peptidoglycan-binding LysM domain-containing protein
0.616681099,0.005258042,0.074527327,GPAT2,AT1G02390,AT1G02390,Probable glycerol-3-phosphate acyltransferase 2 [Source:UniProtKB/Swiss-Prot;Acc:Q9FZ22]
0.616257668,0.001652122,0.047662333,,AT5G65207,AT5G65207,hypothetical protein
0.616004437,0.012530358,0.111913458,,AT3G13130,AT3G13130,transmembrane protein
0.615878105,0.004607092,0.070069437,CPuORF2,AT4G34588,AT4G34588,conserved peptide upstream open reading frame 2 [Source:TAIR;Acc:AT4G34588]
0.615878105,0.004607092,0.070069437,ATB2,AT4G34590,AT4G34590,Probable aldo-keto reductase 4 [Source:UniProtKB/Swiss-Prot;Acc:Q93ZN2]
0.615781784,0.003597528,0.064486517,,AT2G34510,AT2G34510,"Protein of unknown function, DUF642. Found in cellulose enriched cell wall fractions."
0.615698576,0.033324197,0.191923705,ERF116,AT1G25470,AT1G25470,Ethylene-responsive transcription factor ERF116 [Source:UniProtKB/Swiss-Prot;Acc:Q8GW17]
0.61501646,0.01252428,0.111906465,SGR2,AT4G11910,AT4G11910,"Protein STAY-GREEN 2, chloroplastic [Source:UniProtKB/Swiss-Prot;Acc:Q66WT5]"
0.614106894,0.016856413,0.130265828,,AT5G60650,AT5G60650,proline-rich receptor-like kinase
0.613201976,0.00022516,0.02769653,HOP3,AT4G12400,AT4G12400,Hsp70-Hsp90 organizing protein 3 [Source:UniProtKB/Swiss-Prot;Acc:Q9STH1]
0.612928867,0.004572952,0.069837061,,AT1G03200,AT1G03200,hypothetical protein
0.612716913,0.002426296,0.054482111,,AT1G31935,AT1G31935," SHORT OPEN READING FRAME 12, SORF12"
0.611300707,0.001738462,0.048040782,,AT4G03820,AT4G03820,"transmembrane protein, putative (DUF3537)"
0.611160755,0.021692564,0.150095785,,AT4G39955,AT4G39955,alpha/beta-Hydrolases superfamily protein
0.611105204,0.029912669,0.179891603,,AT1G75770,AT1G75770,hypothetical protein
0.610580921,0.000763724,0.038459757,PER17,AT2G22420,AT2G22420,Peroxidase 17 [Source:UniProtKB/Swiss-Prot;Acc:Q9SJZ2]
0.610530138,0.00351419,0.063712371,GWD2,AT4G24450,AT4G24450,Alpha-glucan water dikinase 2 [Source:UniProtKB/Swiss-Prot;Acc:Q9STV0]
0.609988928,0.009370201,0.097211459,SFH14,AT5G56160,AT5G56160,Phosphatidylinositol/phosphatidylcholine transfer protein SFH14 [Source:UniProtKB/Swiss-Prot;Acc:F4K6D3]
0.609968662,5.03415E-06,0.015764397,RCI2A,AT3G05880,AT3G05880,Hydrophobic protein RCI2A [Source:UniProtKB/Swiss-Prot;Acc:Q9ZNQ7]
0.609259605,0.000648989,0.036581761,RABG3F,AT3G18820,AT3G18820,Ras-related protein RABG3f [Source:UniProtKB/Swiss-Prot;Acc:Q9LS94]
0.609125614,0.011411444,0.106546244,,AT5G51170,AT5G51170,U6 snRNA phosphodiesterase-like protein
0.608685732,0.024798741,0.162001266,CML44,AT1G21550,AT1G21550,Probable calcium-binding protein CML44 [Source:UniProtKB/Swiss-Prot;Acc:Q9LPK5]
0.608046278,0.003748792,0.065047776,,AT3G15670,AT3G15670,"LATE EMBRYOGENESIS ACCUMULATING 76, LEA76"
0.608003616,0.023746131,0.157911059,NSP5,AT5G48180,AT5G48180,Nitrile-specifier protein 5 [Source:UniProtKB/Swiss-Prot;Acc:Q93XW5]
0.607648134,0.003761508,0.065114139,,AT2G23690,AT2G23690,PADRE protein
0.607535124,0.000461111,0.032973389,,AT5G03560,AT5G03560,Tetratricopeptide repeat (TPR)-like superfamily protein
0.607017517,0.000316217,0.029894997,HSFB2B,AT4G11660,AT4G11660,Heat stress transcription factor B-2b [Source:UniProtKB/Swiss-Prot;Acc:Q9T0D3]
0.606809855,0.053867152,0.251453595,,AT4G28160,AT4G28160,hydroxyproline-rich glycoprotein family protein
0.606615067,0.002317052,0.053237461,BEN1,AT2G45400,AT2G45400,NAD(P)-binding Rossmann-fold superfamily protein [Source:TAIR;Acc:AT2G45400]
0.606332779,0.001131832,0.042876618,FSD1,AT4G25100,AT4G25100,"Superoxide dismutase [Fe] 1, chloroplastic [Source:UniProtKB/Swiss-Prot;Acc:P21276]"
0.604956627,0.00300782,0.05942883,ALAAT2,AT1G72330,AT1G72330,"Alanine aminotransferase 2, mitochondrial [Source:UniProtKB/Swiss-Prot;Acc:Q9LDV4]"
0.60466671,8.40405E-05,0.021306013,,AT3G02910,AT3G02910,AIG2-like (avirulence induced gene) family protein
0.604640365,0.000500984,0.033543683,INVB,AT4G34860,AT4G34860,Probable alkaline/neutral invertase B [Source:UniProtKB/Swiss-Prot;Acc:Q9SW48]
0.604287624,0.017500371,0.132869645,NAC089,AT5G22290,AT5G22290,NAC domain-containing protein 89 [Source:UniProtKB/Swiss-Prot;Acc:Q94F58]
0.603793144,0.001888477,0.048902835,,AT3G03020,AT3G03020,hypothetical protein
0.603406906,0.001869917,0.048902835,HSPRO2,AT2G40000,AT2G40000,Nematode resistance protein-like HSPRO2 [Source:UniProtKB/Swiss-Prot;Acc:O04203]
0.603324175,0.01461547,0.121337713,OFP5,AT4G18830,AT4G18830,Transcription repressor OFP5 [Source:UniProtKB/Swiss-Prot;Acc:Q8VZN1]
0.603036642,0.005696792,0.077495667,,AT5G59010,AT5G59010," BRASSINOSTEROID-SIGNALING KINASE 5, BSK5"
0.602921963,0.058500739,0.264077504,F24J8.4,AT1G21400,AT1G21400,"2-oxoisovalerate dehydrogenase subunit alpha 1, mitochondrial [Source:UniProtKB/Swiss-Prot;Acc:Q9LPL5]"
0.602882385,0.000697492,0.037644502,DJ1B,AT1G53280,AT1G53280,Protein DJ-1 homolog B [Source:UniProtKB/Swiss-Prot;Acc:Q9MAH3]
0.602489471,0.001464487,0.045814745,CYS7,AT5G05110,AT5G05110,Cysteine proteinase inhibitor 7 [Source:UniProtKB/Swiss-Prot;Acc:Q8LC76]
0.601486683,0.00072485,0.038140345,SAP9,AT4G22820,AT4G22820,Zinc finger A20 and AN1 domain-containing stress-associated protein 9 [Source:UniProtKB/Swiss-Prot;Acc:O49663]
0.601285934,0.000104618,0.023272899,MGD2,AT5G20410,AT5G20410,"Monogalactosyldiacylglycerol synthase 2, chloroplastic [Source:UniProtKB/Swiss-Prot;Acc:O82730]"
0.601265669,0.024729629,0.161644848,POT6,AT1G70300,AT1G70300,Potassium transporter 6 [Source:UniProtKB/Swiss-Prot;Acc:Q8W4I4]
0.600568295,0.047417907,0.233341306,XTH27,AT2G01850,AT2G01850,Probable xyloglucan endotransglucosylase/hydrolase protein 27 [Source:UniProtKB/Swiss-Prot;Acc:Q8LDS2]
0.600423336,8.3539E-05,0.021306013,KCS21,AT5G04530,AT5G04530,3-ketoacyl-CoA synthase 21 [Source:UniProtKB/Swiss-Prot;Acc:Q9LZ72]
